name,link
阿米娅,https://prts.wiki/w/%E9%98%BF%E7%B1%B3%E5%A8%85
郁金香,https://prts.wiki/w/%E9%83%81%E9%87%91%E9%A6%99
杜宾,https://prts.wiki/w/%E6%9D%9C%E5%AE%BE
末药,https://prts.wiki/w/%E6%9C%AB%E8%8D%AF
红豆,https://prts.wiki/w/%E7%BA%A2%E8%B1%86
华法琳,https://prts.wiki/w/%E5%8D%8E%E6%B3%95%E7%90%B3
苏苏洛,https://prts.wiki/w/%E8%8B%8F%E8%8B%8F%E6%B4%9B
桃金娘,https://prts.wiki/w/%E6%A1%83%E9%87%91%E5%A8%98
傀影,https://prts.wiki/w/%E5%82%80%E5%BD%B1
灰喉,https://prts.wiki/w/%E7%81%B0%E5%96%89
史尔特尔,https://prts.wiki/w/%E5%8F%B2%E5%B0%94%E7%89%B9%E5%B0%94
假日威龙陈,https://prts.wiki/w/%E5%81%87%E6%97%A5%E5%A8%81%E9%BE%99%E9%99%88
温蒂,https://prts.wiki/w/%E6%B8%A9%E8%92%82
格雷伊,https://prts.wiki/w/%E6%A0%BC%E9%9B%B7%E4%BC%8A
夏栎,https://prts.wiki/w/%E5%A4%8F%E6%A0%8E
红云,https://prts.wiki/w/%E7%BA%A2%E4%BA%91
霜叶,https://prts.wiki/w/%E9%9C%9C%E5%8F%B6
坚雷,https://prts.wiki/w/%E5%9D%9A%E9%9B%B7
铸铁,https://prts.wiki/w/%E9%93%B8%E9%93%81
格劳克斯,https://prts.wiki/w/%E6%A0%BC%E5%8A%B3%E5%85%8B%E6%96%AF
月禾,https://prts.wiki/w/%E6%9C%88%E7%A6%BE
伊桑,https://prts.wiki/w/%E4%BC%8A%E6%A1%91
极境,https://prts.wiki/w/%E6%9E%81%E5%A2%83
微风,https://prts.wiki/w/%E5%BE%AE%E9%A3%8E
亚叶,https://prts.wiki/w/%E4%BA%9A%E5%8F%B6
褐果,https://prts.wiki/w/%E8%A4%90%E6%9E%9C
炎客,https://prts.wiki/w/%E7%82%8E%E5%AE%A2
柏喙,https://prts.wiki/w/%E6%9F%8F%E5%96%99
酸糖,https://prts.wiki/w/%E9%85%B8%E7%B3%96
卡达,https://prts.wiki/w/%E5%8D%A1%E8%BE%BE
晓歌,https://prts.wiki/w/%E6%99%93%E6%AD%8C
刻刀,https://prts.wiki/w/%E5%88%BB%E5%88%80
鸿雪,https://prts.wiki/w/%E9%B8%BF%E9%9B%AA
泡泡,https://prts.wiki/w/%E6%B3%A1%E6%B3%A1
蜜蜡,https://prts.wiki/w/%E8%9C%9C%E8%9C%A1
巫恋,https://prts.wiki/w/%E5%B7%AB%E6%81%8B
刻俄柏,https://prts.wiki/w/%E5%88%BB%E4%BF%84%E6%9F%8F
波登可,https://prts.wiki/w/%E6%B3%A2%E7%99%BB%E5%8F%AF
慑砂,https://prts.wiki/w/%E6%85%91%E7%A0%82
泥岩,https://prts.wiki/w/%E6%B3%A5%E5%B2%A9
清流,https://prts.wiki/w/%E6%B8%85%E6%B5%81
罗小黑,https://prts.wiki/w/%E7%BD%97%E5%B0%8F%E9%BB%91
稀音,https://prts.wiki/w/%E7%A8%80%E9%9F%B3
絮雨,https://prts.wiki/w/%E7%B5%AE%E9%9B%A8
暴雨,https://prts.wiki/w/%E6%9A%B4%E9%9B%A8
杰克,https://prts.wiki/w/%E6%9D%B0%E5%85%8B
休谟斯,https://prts.wiki/w/%E4%BC%91%E8%B0%9F%E6%96%AF
铃兰,https://prts.wiki/w/%E9%93%83%E5%85%B0
明椒,https://prts.wiki/w/%E6%98%8E%E6%A4%92
12F,https://prts.wiki/w/12F
凯尔希,https://prts.wiki/w/%E5%87%AF%E5%B0%94%E5%B8%8C
W,https://prts.wiki/w/W
伊内丝,https://prts.wiki/w/%E4%BC%8A%E5%86%85%E4%B8%9D
术髓,https://prts.wiki/w/%E6%9C%AF%E9%AB%93
触痕,https://prts.wiki/w/%E8%A7%A6%E7%97%95
锋刃,https://prts.wiki/w/%E9%94%8B%E5%88%83
风暴眼,https://prts.wiki/w/%E9%A3%8E%E6%9A%B4%E7%9C%BC
煌,https://prts.wiki/w/%E7%85%8C
迷迭香,https://prts.wiki/w/%E8%BF%B7%E8%BF%AD%E9%A6%99
Lancet-2,https://prts.wiki/w/Lancet-2
Castle-3,https://prts.wiki/w/Castle-3
THRM-EX,https://prts.wiki/w/THRM-EX
Friston-3,https://prts.wiki/w/Friston-3
夜刀,https://prts.wiki/w/%E5%A4%9C%E5%88%80
巡林者,https://prts.wiki/w/%E5%B7%A1%E6%9E%97%E8%80%85
黑角,https://prts.wiki/w/%E9%BB%91%E8%A7%92
杜林,https://prts.wiki/w/%E6%9D%9C%E6%9E%97
芬,https://prts.wiki/w/%E8%8A%AC
克洛丝,https://prts.wiki/w/%E5%85%8B%E6%B4%9B%E4%B8%9D
芙蓉,https://prts.wiki/w/%E8%8A%99%E8%93%89
米格鲁,https://prts.wiki/w/%E7%B1%B3%E6%A0%BC%E9%B2%81
炎熔,https://prts.wiki/w/%E7%82%8E%E7%86%94
玫兰莎,https://prts.wiki/w/%E7%8E%AB%E5%85%B0%E8%8E%8E
史都华德,https://prts.wiki/w/%E5%8F%B2%E9%83%BD%E5%8D%8E%E5%BE%B7
安赛尔,https://prts.wiki/w/%E5%AE%89%E8%B5%9B%E5%B0%94
安德切尔,https://prts.wiki/w/%E5%AE%89%E5%BE%B7%E5%88%87%E5%B0%94
卡缇,https://prts.wiki/w/%E5%8D%A1%E7%BC%87
梓兰,https://prts.wiki/w/%E6%A2%93%E5%85%B0
月见夜,https://prts.wiki/w/%E6%9C%88%E8%A7%81%E5%A4%9C
空爆,https://prts.wiki/w/%E7%A9%BA%E7%88%86
斑点,https://prts.wiki/w/%E6%96%91%E7%82%B9
泡普卡,https://prts.wiki/w/%E6%B3%A1%E6%99%AE%E5%8D%A1
红,https://prts.wiki/w/%E7%BA%A2
清道夫,https://prts.wiki/w/%E6%B8%85%E9%81%93%E5%A4%AB
炎狱炎熔,https://prts.wiki/w/%E7%82%8E%E7%8B%B1%E7%82%8E%E7%86%94
寒芒克洛丝,https://prts.wiki/w/%E5%AF%92%E8%8A%92%E5%85%8B%E6%B4%9B%E4%B8%9D
濯尘芙蓉,https://prts.wiki/w/%E6%BF%AF%E5%B0%98%E8%8A%99%E8%93%89
百炼嘉维尔,https://prts.wiki/w/%E7%99%BE%E7%82%BC%E5%98%89%E7%BB%B4%E5%B0%94
承曦格雷伊,https://prts.wiki/w/%E6%89%BF%E6%9B%A6%E6%A0%BC%E9%9B%B7%E4%BC%8A
斯卡蒂,https://prts.wiki/w/%E6%96%AF%E5%8D%A1%E8%92%82
幽灵鲨,https://prts.wiki/w/%E5%B9%BD%E7%81%B5%E9%B2%A8
蓝毒,https://prts.wiki/w/%E8%93%9D%E6%AF%92
深海色,https://prts.wiki/w/%E6%B7%B1%E6%B5%B7%E8%89%B2
歌蕾蒂娅,https://prts.wiki/w/%E6%AD%8C%E8%95%BE%E8%92%82%E5%A8%85
赫拉格,https://prts.wiki/w/%E8%B5%AB%E6%8B%89%E6%A0%BC
芙兰卡,https://prts.wiki/w/%E8%8A%99%E5%85%B0%E5%8D%A1
雷蛇,https://prts.wiki/w/%E9%9B%B7%E8%9B%87
杰西卡,https://prts.wiki/w/%E6%9D%B0%E8%A5%BF%E5%8D%A1
香草,https://prts.wiki/w/%E9%A6%99%E8%8D%89
龙舌兰,https://prts.wiki/w/%E9%BE%99%E8%88%8C%E5%85%B0
羽毛笔,https://prts.wiki/w/%E7%BE%BD%E6%AF%9B%E7%AC%94
布丁,https://prts.wiki/w/%E5%B8%83%E4%B8%81
山,https://prts.wiki/w/%E5%B1%B1
卡夫卡,https://prts.wiki/w/%E5%8D%A1%E5%A4%AB%E5%8D%A1
罗宾,https://prts.wiki/w/%E7%BD%97%E5%AE%BE
松果,https://prts.wiki/w/%E6%9D%BE%E6%9E%9C
罗比菈塔,https://prts.wiki/w/%E7%BD%97%E6%AF%94%E8%8F%88%E5%A1%94
蚀清,https://prts.wiki/w/%E8%9A%80%E6%B8%85
豆苗,https://prts.wiki/w/%E8%B1%86%E8%8B%97
石英,https://prts.wiki/w/%E7%9F%B3%E8%8B%B1
掠风,https://prts.wiki/w/%E6%8E%A0%E9%A3%8E
玫拉,https://prts.wiki/w/%E7%8E%AB%E6%8B%89
霍尔海雅,https://prts.wiki/w/%E9%9C%8D%E5%B0%94%E6%B5%B7%E9%9B%85
浊心斯卡蒂,https://prts.wiki/w/%E6%B5%8A%E5%BF%83%E6%96%AF%E5%8D%A1%E8%92%82
归溟幽灵鲨,https://prts.wiki/w/%E5%BD%92%E6%BA%9F%E5%B9%BD%E7%81%B5%E9%B2%A8
焰影苇草,https://prts.wiki/w/%E7%84%B0%E5%BD%B1%E8%8B%87%E8%8D%89
和弦,https://prts.wiki/w/%E5%92%8C%E5%BC%A6
闪灵,https://prts.wiki/w/%E9%97%AA%E7%81%B5
临光,https://prts.wiki/w/%E4%B8%B4%E5%85%89
夜莺,https://prts.wiki/w/%E5%A4%9C%E8%8E%BA
推进之王,https://prts.wiki/w/%E6%8E%A8%E8%BF%9B%E4%B9%8B%E7%8E%8B
摩根,https://prts.wiki/w/%E6%91%A9%E6%A0%B9
因陀罗,https://prts.wiki/w/%E5%9B%A0%E9%99%80%E7%BD%97
达格达,https://prts.wiki/w/%E8%BE%BE%E6%A0%BC%E8%BE%BE
缠丸,https://prts.wiki/w/%E7%BC%A0%E4%B8%B8
宴,https://prts.wiki/w/%E5%AE%B4
赤冬,https://prts.wiki/w/%E8%B5%A4%E5%86%AC
绮良,https://prts.wiki/w/%E7%BB%AE%E8%89%AF
水月,https://prts.wiki/w/%E6%B0%B4%E6%9C%88
风丸,https://prts.wiki/w/%E9%A3%8E%E4%B8%B8
嵯峨,https://prts.wiki/w/%E5%B5%AF%E5%B3%A8
苇草,https://prts.wiki/w/%E8%8B%87%E8%8D%89
棘刺,https://prts.wiki/w/%E6%A3%98%E5%88%BA
安哲拉,https://prts.wiki/w/%E5%AE%89%E5%93%B2%E6%8B%89
深靛,https://prts.wiki/w/%E6%B7%B1%E9%9D%9B
艾丽妮,https://prts.wiki/w/%E8%89%BE%E4%B8%BD%E5%A6%AE
流明,https://prts.wiki/w/%E6%B5%81%E6%98%8E
海沫,https://prts.wiki/w/%E6%B5%B7%E6%B2%AB
艾丝黛尔,https://prts.wiki/w/%E8%89%BE%E4%B8%9D%E9%BB%9B%E5%B0%94
蛇屠箱,https://prts.wiki/w/%E8%9B%87%E5%B1%A0%E7%AE%B1
嘉维尔,https://prts.wiki/w/%E5%98%89%E7%BB%B4%E5%B0%94
耶拉,https://prts.wiki/w/%E8%80%B6%E6%8B%89
银灰,https://prts.wiki/w/%E9%93%B6%E7%81%B0
灵知,https://prts.wiki/w/%E7%81%B5%E7%9F%A5
角峰,https://prts.wiki/w/%E8%A7%92%E5%B3%B0
讯使,https://prts.wiki/w/%E8%AE%AF%E4%BD%BF
初雪,https://prts.wiki/w/%E5%88%9D%E9%9B%AA
崖心,https://prts.wiki/w/%E5%B4%96%E5%BF%83
极光,https://prts.wiki/w/%E6%9E%81%E5%85%89
耀骑士临光,https://prts.wiki/w/%E8%80%80%E9%AA%91%E5%A3%AB%E4%B8%B4%E5%85%89
白金,https://prts.wiki/w/%E7%99%BD%E9%87%91
砾,https://prts.wiki/w/%E7%A0%BE
鞭刃,https://prts.wiki/w/%E9%9E%AD%E5%88%83
玛恩纳,https://prts.wiki/w/%E7%8E%9B%E6%81%A9%E7%BA%B3
瑕光,https://prts.wiki/w/%E7%91%95%E5%85%89
但书,https://prts.wiki/w/%E4%BD%86%E4%B9%A6
焰尾,https://prts.wiki/w/%E7%84%B0%E5%B0%BE
灰毫,https://prts.wiki/w/%E7%81%B0%E6%AF%AB
远牙,https://prts.wiki/w/%E8%BF%9C%E7%89%99
野鬃,https://prts.wiki/w/%E9%87%8E%E9%AC%83
正义骑士号,https://prts.wiki/w/%E6%AD%A3%E4%B9%89%E9%AA%91%E5%A3%AB%E5%8F%B7
陈,https://prts.wiki/w/%E9%99%88
星熊,https://prts.wiki/w/%E6%98%9F%E7%86%8A
诗怀雅,https://prts.wiki/w/%E8%AF%97%E6%80%80%E9%9B%85
白雪,https://prts.wiki/w/%E7%99%BD%E9%9B%AA
阿消,https://prts.wiki/w/%E9%98%BF%E6%B6%88
槐琥,https://prts.wiki/w/%E6%A7%90%E7%90%A5
孑,https://prts.wiki/w/%E5%AD%91
拜松,https://prts.wiki/w/%E6%8B%9C%E6%9D%BE
雪雉,https://prts.wiki/w/%E9%9B%AA%E9%9B%89
老鲤,https://prts.wiki/w/%E8%80%81%E9%B2%A4
吽,https://prts.wiki/w/%E5%90%BD
阿,https://prts.wiki/w/%E9%98%BF
林,https://prts.wiki/w/%E6%9E%97
地灵,https://prts.wiki/w/%E5%9C%B0%E7%81%B5
艾雅法拉,https://prts.wiki/w/%E8%89%BE%E9%9B%85%E6%B3%95%E6%8B%89
卡涅利安,https://prts.wiki/w/%E5%8D%A1%E6%B6%85%E5%88%A9%E5%AE%89
黑键,https://prts.wiki/w/%E9%BB%91%E9%94%AE
车尔尼,https://prts.wiki/w/%E8%BD%A6%E5%B0%94%E5%B0%BC
送葬人,https://prts.wiki/w/%E9%80%81%E8%91%AC%E4%BA%BA
安比尔,https://prts.wiki/w/%E5%AE%89%E6%AF%94%E5%B0%94
翎羽,https://prts.wiki/w/%E7%BF%8E%E7%BE%BD
芳汀,https://prts.wiki/w/%E8%8A%B3%E6%B1%80
空弦,https://prts.wiki/w/%E7%A9%BA%E5%BC%A6
见行者,https://prts.wiki/w/%E8%A7%81%E8%A1%8C%E8%80%85
菲亚梅塔,https://prts.wiki/w/%E8%8F%B2%E4%BA%9A%E6%A2%85%E5%A1%94
空构,https://prts.wiki/w/%E7%A9%BA%E6%9E%84
隐现,https://prts.wiki/w/%E9%9A%90%E7%8E%B0
圣约送葬人,https://prts.wiki/w/%E5%9C%A3%E7%BA%A6%E9%80%81%E8%91%AC%E4%BA%BA
莫斯提马,https://prts.wiki/w/%E8%8E%AB%E6%96%AF%E6%8F%90%E9%A9%AC
泰拉大陆调查团,https://prts.wiki/w/%E6%B3%B0%E6%8B%89%E5%A4%A7%E9%99%86%E8%B0%83%E6%9F%A5%E5%9B%A2
麒麟X夜刀,https://prts.wiki/w/%E9%BA%92%E9%BA%9FX%E5%A4%9C%E5%88%80
火龙S黑角,https://prts.wiki/w/%E7%81%AB%E9%BE%99S%E9%BB%91%E8%A7%92
断罪者,https://prts.wiki/w/%E6%96%AD%E7%BD%AA%E8%80%85
火神,https://prts.wiki/w/%E7%81%AB%E7%A5%9E
调香师,https://prts.wiki/w/%E8%B0%83%E9%A6%99%E5%B8%88
帕拉斯,https://prts.wiki/w/%E5%B8%95%E6%8B%89%E6%96%AF
埃拉托,https://prts.wiki/w/%E5%9F%83%E6%8B%89%E6%89%98
年,https://prts.wiki/w/%E5%B9%B4
夕,https://prts.wiki/w/%E5%A4%95
令,https://prts.wiki/w/%E4%BB%A4
重岳,https://prts.wiki/w/%E9%87%8D%E5%B2%B3
德克萨斯,https://prts.wiki/w/%E5%BE%B7%E5%85%8B%E8%90%A8%E6%96%AF
能天使,https://prts.wiki/w/%E8%83%BD%E5%A4%A9%E4%BD%BF
可颂,https://prts.wiki/w/%E5%8F%AF%E9%A2%82
空,https://prts.wiki/w/%E7%A9%BA
缄默德克萨斯,https://prts.wiki/w/%E7%BC%84%E9%BB%98%E5%BE%B7%E5%85%8B%E8%90%A8%E6%96%AF
暴行,https://prts.wiki/w/%E6%9A%B4%E8%A1%8C
暗索,https://prts.wiki/w/%E6%9A%97%E7%B4%A2
莱恩哈特,https://prts.wiki/w/%E8%8E%B1%E6%81%A9%E5%93%88%E7%89%B9
断崖,https://prts.wiki/w/%E6%96%AD%E5%B4%96
石棉,https://prts.wiki/w/%E7%9F%B3%E6%A3%89
蜜莓,https://prts.wiki/w/%E8%9C%9C%E8%8E%93
四月,https://prts.wiki/w/%E5%9B%9B%E6%9C%88
火哨,https://prts.wiki/w/%E7%81%AB%E5%93%A8
洋灰,https://prts.wiki/w/%E6%B4%8B%E7%81%B0
夜半,https://prts.wiki/w/%E5%A4%9C%E5%8D%8A
赫默,https://prts.wiki/w/%E8%B5%AB%E9%BB%98
塞雷娅,https://prts.wiki/w/%E5%A1%9E%E9%9B%B7%E5%A8%85
伊芙利特,https://prts.wiki/w/%E4%BC%8A%E8%8A%99%E5%88%A9%E7%89%B9
白面鸮,https://prts.wiki/w/%E7%99%BD%E9%9D%A2%E9%B8%AE
梅尔,https://prts.wiki/w/%E6%A2%85%E5%B0%94
麦哲伦,https://prts.wiki/w/%E9%BA%A6%E5%93%B2%E4%BC%A6
多萝西,https://prts.wiki/w/%E5%A4%9A%E8%90%9D%E8%A5%BF
星源,https://prts.wiki/w/%E6%98%9F%E6%BA%90
缪尔赛思,https://prts.wiki/w/%E7%BC%AA%E5%B0%94%E8%B5%9B%E6%80%9D
淬羽赫默,https://prts.wiki/w/%E6%B7%AC%E7%BE%BD%E8%B5%AB%E9%BB%98
星极,https://prts.wiki/w/%E6%98%9F%E6%9E%81
灰烬,https://prts.wiki/w/%E7%81%B0%E7%83%AC
闪击,https://prts.wiki/w/%E9%97%AA%E5%87%BB
霜华,https://prts.wiki/w/%E9%9C%9C%E5%8D%8E
战车,https://prts.wiki/w/%E6%88%98%E8%BD%A6
风笛,https://prts.wiki/w/%E9%A3%8E%E7%AC%9B
狮蝎,https://prts.wiki/w/%E7%8B%AE%E8%9D%8E
森蚺,https://prts.wiki/w/%E6%A3%AE%E8%9A%BA
特米米,https://prts.wiki/w/%E7%89%B9%E7%B1%B3%E7%B1%B3
燧石,https://prts.wiki/w/%E7%87%A7%E7%9F%B3
异客,https://prts.wiki/w/%E5%BC%82%E5%AE%A2
图耶,https://prts.wiki/w/%E5%9B%BE%E8%80%B6
至简,https://prts.wiki/w/%E8%87%B3%E7%AE%80
铅踝,https://prts.wiki/w/%E9%93%85%E8%B8%9D
远山,https://prts.wiki/w/%E8%BF%9C%E5%B1%B1
寒檀,https://prts.wiki/w/%E5%AF%92%E6%AA%80
雪绒,https://prts.wiki/w/%E9%9B%AA%E7%BB%92
凛视,https://prts.wiki/w/%E5%87%9B%E8%A7%86
提丰,https://prts.wiki/w/%E6%8F%90%E4%B8%B0
天火,https://prts.wiki/w/%E5%A4%A9%E7%81%AB
拉普兰德,https://prts.wiki/w/%E6%8B%89%E6%99%AE%E5%85%B0%E5%BE%B7
安洁莉娜,https://prts.wiki/w/%E5%AE%89%E6%B4%81%E8%8E%89%E5%A8%9C
普罗旺斯,https://prts.wiki/w/%E6%99%AE%E7%BD%97%E6%97%BA%E6%96%AF
贾维,https://prts.wiki/w/%E8%B4%BE%E7%BB%B4
布洛卡,https://prts.wiki/w/%E5%B8%83%E6%B4%9B%E5%8D%A1
奥斯塔,https://prts.wiki/w/%E5%A5%A5%E6%96%AF%E5%A1%94
斥罪,https://prts.wiki/w/%E6%96%A5%E7%BD%AA
伺夜,https://prts.wiki/w/%E4%BC%BA%E5%A4%9C
子月,https://prts.wiki/w/%E5%AD%90%E6%9C%88
锡兰,https://prts.wiki/w/%E9%94%A1%E5%85%B0
黑,https://prts.wiki/w/%E9%BB%91
守林人,https://prts.wiki/w/%E5%AE%88%E6%9E%97%E4%BA%BA
流星,https://prts.wiki/w/%E6%B5%81%E6%98%9F
陨星,https://prts.wiki/w/%E9%99%A8%E6%98%9F
U-Official,https://prts.wiki/w/U-Official
猎蜂,https://prts.wiki/w/%E7%8C%8E%E8%9C%82
苦艾,https://prts.wiki/w/%E8%8B%A6%E8%89%BE
凛冬,https://prts.wiki/w/%E5%87%9B%E5%86%AC
真理,https://prts.wiki/w/%E7%9C%9F%E7%90%86
古米,https://prts.wiki/w/%E5%8F%A4%E7%B1%B3
早露,https://prts.wiki/w/%E6%97%A9%E9%9C%B2
梅,https://prts.wiki/w/%E6%A2%85
夜烟,https://prts.wiki/w/%E5%A4%9C%E7%83%9F
夜魔,https://prts.wiki/w/%E5%A4%9C%E9%AD%94
慕斯,https://prts.wiki/w/%E6%85%95%E6%96%AF
格拉尼,https://prts.wiki/w/%E6%A0%BC%E6%8B%89%E5%B0%BC
暮落,https://prts.wiki/w/%E6%9A%AE%E8%90%BD
薄绿,https://prts.wiki/w/%E8%96%84%E7%BB%BF
澄闪,https://prts.wiki/w/%E6%BE%84%E9%97%AA
琴柳,https://prts.wiki/w/%E7%90%B4%E6%9F%B3
熔泉,https://prts.wiki/w/%E7%86%94%E6%B3%89
爱丽丝,https://prts.wiki/w/%E7%88%B1%E4%B8%BD%E4%B8%9D
贝娜,https://prts.wiki/w/%E8%B4%9D%E5%A8%9C
号角,https://prts.wiki/w/%E5%8F%B7%E8%A7%92
白铁,https://prts.wiki/w/%E7%99%BD%E9%93%81
洛洛,https://prts.wiki/w/%E6%B4%9B%E6%B4%9B
海蒂,https://prts.wiki/w/%E6%B5%B7%E8%92%82
谜图,https://prts.wiki/w/%E8%B0%9C%E5%9B%BE
食铁兽,https://prts.wiki/w/%E9%A3%9F%E9%93%81%E5%85%BD
桑葚,https://prts.wiki/w/%E6%A1%91%E8%91%9A
惊蛰,https://prts.wiki/w/%E6%83%8A%E8%9B%B0
九色鹿,https://prts.wiki/w/%E4%B9%9D%E8%89%B2%E9%B9%BF
乌有,https://prts.wiki/w/%E4%B9%8C%E6%9C%89
截云,https://prts.wiki/w/%E6%88%AA%E4%BA%91
铎铃,https://prts.wiki/w/%E9%93%8E%E9%93%83
仇白,https://prts.wiki/w/%E4%BB%87%E7%99%BD
